driverId,name,ssn,location,certified,wage-plan
10,Stephanie Gonzalez,318-62-6343,"022 Stokes Center
Tinaton, PA 48117",N,miles
11,Michelle Stokes,595-83-9824,"20753 Jerome Mount
North Trevorberg, TN 30598",Y,hours
12,William Cobb,618-94-9936,"465 Anne Wall Apt. 774
South Valerie, PA 80299",Y,hours
13,Christopher Glenn,050-30-0602,"454 Ronald Pass Apt. 460
Port Bryce, SC 13068",Y,miles
14,Tonya Caldwell,049-71-8652,"26890 Anderson Tunnel
Port Peggyburgh, PA 02905",Y,miles
15,Megan Olson,177-42-5045,"0005 Anthony Springs
New Coreyberg, GA 62979",Y,hours
16,Karla Medina,146-37-3887,"67901 Alexander Meadows
East Brandonmouth, IL 47250",Y,hours
17,Leah Tyler,442-89-6084,"98969 Mejia Trail Apt. 071
North Jamesland, LA 47537",Y,miles
18,Amanda Rodriguez,527-70-4900,"05745 Dennis Villages
South Ryanfort, MT 72293",Y,hours
19,Michael Hansen,329-84-0467,"1937 Alvarez Cove Suite 050
East Robertfort, MI 64288",Y,miles
20,Mary Larson,143-41-4863,"9415 April Burg Apt. 561
Matthewtown, CA 78848",N,hours
21,William Collins,197-62-4037,"749 Barry Cape
Ethanchester, NH 27411",Y,hours
22,Rachael Hernandez,815-06-7900,"36425 Elizabeth Centers
Dawnton, AK 86960",Y,hours
23,Natalie Scott,327-89-8470,"530 Jennifer Canyon Suite 732
Lake Matthewside, LA 42651",N,miles
24,Aaron Roach,187-91-8394,"PSC 1847, Box 2320
APO AA 63740",Y,miles
25,Brenda Marks,171-24-8041,"08129 April Streets Suite 002
Jonathanside, HI 40590",Y,hours
26,Martha Gonzalez,698-03-0127,"92016 Reed View Suite 608
East Jacksonville, GU 22171",Y,hours
27,James Jones,303-55-8909,"PSC 5502, Box 2724
APO AP 98299",N,miles
28,Kelli Garcia,542-92-4200,"69859 Garcia Parkways Apt. 896
Lake Andrewberg, WI 92020",Y,hours
29,Geoffrey King,696-76-3438,"1108 Meghan Cliffs Apt. 587
Sergiobury, MD 41117",N,miles
30,Shannon Romero,849-65-9733,"80751 Emily Orchard
Lake Richardfurt, IA 88134",N,miles
31,Michael Jones,802-41-3040,"26344 Ball Ramp Suite 396
Ibarrachester, IL 72953",Y,miles
32,Rebecca Weaver,222-96-2041,"Unit 5415 Box 5438
DPO AE 40725",N,hours
33,William Lee,776-14-2517,"08305 Anderson Ford
Huntberg, TN 55646",N,hours
34,Beth Watson,614-79-8624,"01594 Brown Corner
Aliceview, DC 55845",Y,miles
35,Cynthia Jackson,097-28-6298,"68288 James Stravenue Apt. 095
Hoshire, FL 19438",N,miles
36,Daniel Spears,589-42-3817,"4781 Davis Ford Apt. 286
New Jonathan, AL 08363",Y,hours
37,Brenda Townsend,700-83-6828,"5792 Grant Turnpike Apt. 103
Lisabury, NC 17763",Y,miles
38,David Ferguson,133-75-4331,"4897 Johnson Trace Apt. 220
West Carolynside, SC 39124",Y,miles
39,Lauren Villarreal,113-68-7665,"59047 Brian Roads
Sanchezshire, IL 10230",Y,hours
40,Allen Bennett,026-82-8578,"99620 John Crossing
Michaelstad, IN 20286",Y,miles
41,James Thomas,868-27-5049,"38166 Kristopher Estates
Johnberg, PR 10318",Y,hours
42,Michael Scott,410-74-3823,"284 Shirley Vista Apt. 813
Wilkersonfurt, OH 28497",N,hours
43,Matthew Jackson,045-08-6717,"0787 Heather Plain Apt. 385
Anthonyport, LA 33386",N,hours
44,Lindsay Simon,392-87-2579,"624 Clifford Corner
Kellyport, WA 90021",Y,miles
45,Lisa Huff,013-88-1955,"8728 Tina Islands Suite 624
Lopezchester, OK 17293",Y,miles
46,Timothy Williams,027-98-8553,"92560 Stephanie Land Suite 038
Heatherberg, ME 91999",Y,hours
47,Matthew Robinson,865-26-8309,"9412 April Coves
Markmouth, SC 90654",N,hours
48,Brian Williams,128-93-3779,"0387 Sandy Shores Apt. 599
Brownmouth, NV 97019",N,miles
49,Stephanie King,808-94-9221,"36737 Mason Corners
West Erikamouth, NC 23963",N,miles
50,Joseph Wright,728-30-7740,"813 Rodgers Mission Suite 809
Samanthaborough, MA 87247",Y,miles
51,Amanda Flores,065-37-2757,"064 Candice Dam Suite 713
Walkerport, MA 68353",N,miles
52,Stephanie Morton,693-90-5425,"2470 Harrell Streets
Cynthiahaven, MT 77429",Y,miles
53,Kenneth Kelley,386-22-1710,"70604 Reed Cliffs Suite 467
Aaronview, KY 73208",N,miles
54,Antonio Sharp,218-17-7731,"7961 Brittany Turnpike
North Sharonhaven, IA 53222",Y,miles
55,Mason Stokes,699-06-6689,"PSC 8843, Box 6695
APO AA 20754",N,hours
56,Elizabeth Khan,068-40-3117,"966 Martinez Cliffs Suite 246
Raymondview, MH 52646",Y,miles
57,Andrew Thompson,474-24-2521,"PSC 1448, Box 9468
APO AE 09213",Y,miles
58,Jennifer Wallace,837-21-9189,"6253 Woods Streets
Sotoport, ME 39521",N,hours
59,Diane Pham,385-05-5134,"0497 Acosta Square Suite 838
Gibsonberg, VI 21455",Y,miles
60,Jonathan Kelly,877-89-0950,"598 Watson Landing Apt. 083
Port Jason, KS 62995",Y,miles
61,Christopher Garner,839-77-6295,"2927 Shields Trail Suite 909
Samuelton, MP 63001",N,miles
62,Angela Garcia,541-34-0094,"678 Smith Mountains
South Courtneystad, DC 96393",N,miles
63,William Archer,102-71-0908,"3783 Stephanie Rue
South Kimberly, DC 34316",N,hours
64,Victoria Williams,562-96-6747,"8247 Harrison Hills
New Lisaberg, CO 55490",Y,miles
65,Daniel Gutierrez,307-94-2451,"27282 Mary Parks
Liuchester, MN 09357",N,miles
66,Garrett Bartlett,309-16-1786,"2024 Kenneth Plaza Suite 501
West Hannah, TX 77616",Y,hours
67,Whitney Hart,373-95-1447,"254 Scott Falls Suite 788
New Cassieville, PW 58120",Y,hours
68,Joshua Morrison,818-81-0029,"817 Hogan Row Suite 611
Kristenbury, MI 61177",Y,miles
69,Ashley Nelson,685-19-8660,"8669 Laura Via
Port Nicoletown, PW 46060",Y,miles
70,Joe Watson,683-13-3595,"82290 Mann Coves
New Phillipville, NE 60185",N,hours
71,Jonathan Short,166-59-4567,"852 Mark Rapids Apt. 178
Port Tommy, DC 91876",Y,miles
72,Ruben Smith,114-18-6013,"514 Blair Village
Jenniferchester, MP 71264",Y,hours
73,Brian Castro,076-70-8950,"USCGC Reyes
FPO AP 34360",Y,miles
74,Danielle Sanchez,743-24-3902,"715 Brewer Squares Apt. 302
North William, OH 05602",N,miles
75,Tracy Ruiz,652-05-9318,"2770 Jerome Station Suite 405
Westhaven, KY 42056",N,miles
76,Kathleen Harris,892-41-9336,"7827 Valerie Knoll Suite 138
Kimberlychester, MI 06157",Y,hours
77,Robin York,021-43-0317,"54997 Jonathan Course Suite 264
South Williamfort, RI 95593",Y,hours
78,Joshua Gutierrez,130-54-7429,"98157 Miller Pine
Sandovalbury, MA 71872",Y,miles
79,Mitchell Giles,663-37-4869,"6149 Kari Dale
Michelleton, TN 81644",N,hours
80,Rebecca Brown,169-15-2202,"55043 Elizabeth Manor
North Billyshire, IL 11231",N,hours
81,Mr. Justin Vargas,722-28-3120,"690 Kelly Mount Suite 353
Kellyborough, AR 63984",Y,miles
82,Nicole Mitchell,894-88-3130,"949 Cochran Lock
Robinsonport, GU 71671",N,miles
83,Lindsay Little,467-22-2711,"72334 Evelyn Manors Suite 418
East Adrian, IA 54880",Y,miles
84,Katherine Donovan,038-17-1591,"0787 Carl Prairie
East Thomas, ND 61910",Y,miles
85,Charles Becker,426-05-7388,"59666 Silva Forges Suite 881
Mariaville, DE 27959",Y,miles
86,Brandi Mitchell,883-50-0538,"03227 Mayer Lock Suite 322
East Melissahaven, DC 35426",N,miles
87,Connie Moreno,265-82-5977,"9750 Gregory Park
North Michael, PA 01583",Y,miles
88,Jeremy Jennings,193-47-4893,"97509 John Shore Suite 551
North Richardtown, WV 54455",N,hours
89,Katherine Chavez,531-22-9425,"USNS Morgan
FPO AA 84664",Y,hours
90,Arthur Douglas,441-63-4079,"USCGC Miller
FPO AA 26576",N,hours
91,Michael Krause,249-19-0114,"2037 Simon Radial
Teresaville, AS 78129",Y,miles
92,Eric Ball,787-74-7857,"522 Miles Road Suite 089
South Susanville, MO 19475",N,miles
93,Mark Chapman,376-35-0661,"5978 Tiffany Trafficway Apt. 617
East Travisland, NE 97645",Y,hours
94,Lauren Brandt,824-12-5519,"39049 Crystal Avenue Suite 739
Masonberg, TX 21149",N,hours
95,Nathan Powell,250-21-1185,"596 Sutton Common Apt. 072
Jessicaville, VA 24650",Y,miles
96,Todd Hawkins,249-72-0136,"483 Edwin River Apt. 374
Mcneilberg, AK 36885",N,hours
97,Michael Carter,836-47-8959,"47056 Spears Pass
West Thomasberg, HI 32912",N,hours
98,Nichole Smith,626-22-2835,"570 Micheal Trafficway
Port Reginaldside, AZ 20627",N,miles
99,Lisa James,464-32-9670,"Unit 7077 Box 4821
DPO AA 96394",N,hours
100,Amanda Smith,664-33-2316,"84309 Boone Stravenue Apt. 641
Tylermouth, AR 50582",N,hours
101,Samantha Castillo,234-61-9845,"23899 Ayers Pass
Matthewshire, PR 80235",Y,hours
102,Crystal Acosta,376-98-3734,"22696 Reed Corner
Mikeport, IN 84297",Y,hours
103,Elizabeth Smith,411-85-0626,"4720 Douglas Extensions Suite 027
North Tiffanyhaven, TX 71452",Y,miles
104,Christopher Ramirez,245-12-0408,"98549 Horton Throughway Apt. 929
Smithport, ME 74067",N,hours
105,Patrick Vargas,890-13-1074,"5940 Pamela Glens Apt. 114
Levinemouth, VA 68393",Y,miles
106,Richard Ortega,056-90-9962,"1737 Joanne Lights
East Troymouth, PR 27441",Y,miles
107,Dr. Leslie Orozco,086-10-5944,"7766 Veronica Flat
Brownshire, AS 07923",N,hours
108,Benjamin Boyd,874-46-0179,"796 Chung Drives
Shellyshire, WI 58436",Y,hours
109,David Jones,898-12-0727,"7922 Beck Shoals
Aaronbury, IA 45863",N,miles
